Date,GD,CG,PCG_Jacobi,PCG_SSOR,PCG_IChol,SPY
2023-01-03,0.9890038674596038,0.9890066339474984,0.9890029809167207,0.9890029793928391,0.9890029793928377,
2023-01-04,1.0169753479178236,1.0169717123998099,1.0169753162478397,1.0169753101466008,1.0169753101465975,1.0076907048770707
2023-01-05,0.9996092618127914,0.9996045103979149,0.9996093651090104,0.9996093581599542,0.9996093581599491,0.9961234218364208
2023-01-06,1.0445450253093769,1.044538419128406,1.044546366606914,1.044546361805578,1.0445463618055728,1.018708540565338
2023-01-09,1.0630807527509982,1.0630829345825776,1.063080668356076,1.063080661885189,1.0630806618851847,1.0181309773686225
2023-01-10,1.0771852908929693,1.0771951029541602,1.077184867858882,1.0771848656084884,1.0771848656084841,1.0252460680979487
2023-01-11,1.0909806582466188,1.090988254259777,1.090977859054023,1.0909778579965925,1.0909778579965885,1.0381317848445395
2023-01-12,1.1065839730100326,1.106592509814573,1.1065770025577735,1.1065769994366974,1.1065769994366939,1.0419045093791233
2023-01-13,1.1103072158136393,1.1103109436039644,1.1103002392236343,1.1103002383302087,1.110300238330206,1.045938873801479
2023-01-17,1.1084296861041407,1.1084463601181156,1.1084198610031748,1.1084198579563789,1.1084198579563767,1.0440210955091371
2023-01-18,1.099149225527797,1.0991636765317798,1.099139426891998,1.0991394249609685,1.0991394249609665,1.0274064523540332
2023-01-19,1.0708799183849704,1.0708915485969097,1.0708714204517484,1.0708714163375126,1.0708714163375093,1.0198997563557186
2023-01-20,1.1046268666686128,1.10464789579533,1.104615208819147,1.1046152050997384,1.104615205099735,1.0387248304175838
2023-01-23,1.1616750638088182,1.161701410314458,1.1616595822789153,1.161659570129305,1.1616595701293033,1.0511139511154555
2023-01-24,1.1511510496834765,1.1511737428797353,1.1511360631942147,1.1511360541834457,1.151136054183444,1.0499851317025062
2023-01-25,1.150226561190882,1.1502592012148078,1.1502104119381737,1.1502104061428282,1.1502104061428267,1.0503786244433246
2023-01-26,1.1695919245746025,1.1696455283690983,1.1695720527215867,1.1695720534651877,1.169572053465186,1.0618596288297115
2023-01-27,1.1551767694707664,1.1552223441193223,1.155161405758165,1.1551614031651234,1.1551614031651232,1.0642965651357568
2023-01-30,1.1301626225454033,1.130190614945909,1.130149193703856,1.1301491942244473,1.130149194224446,1.0508586450781259
2023-01-31,1.1516567548782461,1.1516822229480674,1.151644401005834,1.1516444070746978,1.1516444070746985,1.0661972733139407
2023-02-01,1.2106789644475742,1.2107220373795289,1.2106625258285582,1.2106625334012346,1.210662533401238,1.0774687085783323
2023-02-02,1.248329242607784,1.2483842338073834,1.2483140136973816,1.2483140222731204,1.2483140222731195,1.0930403919665448
2023-02-03,1.232180300569705,1.2322385706697323,1.2321706646196644,1.2321706737724822,1.2321706737724856,1.0813602241750226
2023-02-06,1.1964597535795878,1.1965242965243885,1.1964568611092499,1.1964568717081414,1.1964568717081439,1.0747312823487498
2023-02-07,1.2267421916826113,1.2268095397790768,1.2267390793585828,1.2267390898427042,1.2267390898427062,1.088696122428222
2023-02-08,1.1975709485839432,1.1976443846191838,1.197568430859505,1.19756844131455,1.1975684413145495,1.076726004844163
2023-02-09,1.1938247714745986,1.1939085691517783,1.1938231236420893,1.193823134555963,1.1938231345559667,1.0673507959667707
2023-02-10,1.179337081986517,1.1794115985487683,1.1793301234369842,1.1793301334124866,1.1793301334124935,1.0698387671376315
2023-02-13,1.2001809776581183,1.2002546620051355,1.2001739790945383,1.20017398886694,1.2001739888669465,1.0823246090970013
2023-02-14,1.219895844156484,1.2199684467461684,1.2198865403303683,1.2198865486892023,1.2198865486892039,1.0818264876584842
2023-02-15,1.2129393740093783,1.21300837428939,1.2129363661152388,1.2129363762523968,1.212936376252398,1.0853338970918067
2023-02-16,1.181326027584155,1.1813985350485858,1.1813242229293242,1.1813242339534091,1.1813242339534205,1.0702862873405439
2023-02-17,1.160098385676217,1.1601758713786656,1.1600985905625916,1.1600986025871673,1.1600986025871791,1.0676091155539666
2023-02-21,1.1170058810831685,1.1170847533771144,1.1170086661745882,1.1170086771087295,1.1170086771087366,1.0459741954307313
2023-02-22,1.1072893602758984,1.1073651561169708,1.1072923750143315,1.107292385211292,1.1072923852112968,1.0445316659218908
2023-02-23,1.1349367009954623,1.1350150179178464,1.1349380700727079,1.1349380789424406,1.1349380789424413,1.0500730189063314
2023-02-24,1.1124240669823948,1.1125002472040364,1.1124262787224517,1.1124262876120325,1.1124262876120334,1.038795483078387
2023-02-27,1.1124535591230458,1.1125346946273846,1.1124599264866621,1.112459935840618,1.1124599358406158,1.0423275944906547
2023-02-28,1.1162674378010622,1.1163483756402657,1.1162745288557725,1.1162745381095467,1.1162745381095456,1.038468039395449
2023-03-01,1.1235568466894241,1.1236344167620729,1.1235610896205284,1.1235610987362956,1.1235610987362978,1.0344768370526156
2023-03-02,1.1382663943291387,1.138338620629417,1.1382664370657662,1.1382664453888367,1.1382664453888354,1.0424912117319043
2023-03-03,1.1400628755304765,1.1401460180334513,1.140067567924982,1.1400675783824126,1.1400675783824081,1.0590778460491581
2023-03-06,1.1264886785889912,1.1265741430239897,1.1264947270027477,1.1264947391444438,1.12649473914444,1.0598110367540894
2023-03-07,1.1125897400916487,1.1126826756016315,1.1125996804941474,1.1125996953489272,1.1125996953489221,1.0434397315990467
2023-03-08,1.1422562014847883,1.142353439856297,1.1422674960353587,1.14226751054316,1.1422675105431535,1.0451415732151665
2023-03-09,1.1293146088899466,1.1294121603839045,1.129324661659401,1.1293246807614512,1.1293246807614474,1.0256787901113922
2023-03-10,1.1178034253570825,1.117896329522206,1.1178097690886515,1.1178097908772913,1.1178097908772904,1.0107708797585422
2023-03-13,1.1101173523429884,1.1102138983568273,1.1101237717382715,1.1101237926499201,1.1101237926499188,1.0093292573265997
2023-03-14,1.1423942705540826,1.142492893039363,1.1424009584556112,1.1424009852879602,1.1424009852879575,1.0258770020345618
2023-03-15,1.1323741007402957,1.132460522632252,1.1323758944682711,1.132375925403998,1.1323759254039956,1.019440782278527
2023-03-16,1.1880611863836943,1.188143141734223,1.1880589463913962,1.1880589802106691,1.188058980210665,1.0371720604285892
2023-03-17,1.1794323213101003,1.1795093393378246,1.1794273922092586,1.1794274258169084,1.1794274258169029,1.024973221021467
2023-03-20,1.1822844242111454,1.1823681651310138,1.1822836821685858,1.1822837129946202,1.1822837129946155,1.0347818643739266
2023-03-21,1.1813598781638663,1.1814434257574928,1.1813585084602587,1.181358534747745,1.1813585347477384,1.0482806254068282
2023-03-22,1.170685998211598,1.170768709124031,1.1706835178673276,1.1706835471774217,1.1706835471774135,1.0302571222516619
2023-03-23,1.2090248855441477,1.209107509932397,1.2090199928472096,1.2090200206013362,1.2090200206013293,1.0330385539700395
2023-03-24,1.1899067289633107,1.189975050209832,1.1898947566564382,1.1898947818806787,1.1898947818806735,1.0397952591753548
2023-03-27,1.1737779915572215,1.1738397307731394,1.173763479305236,1.1737635029135225,1.1737635029135174,1.041737626121337
2023-03-28,1.166305438687171,1.1663700880895551,1.1662914915842926,1.1662915157097484,1.1662915157097442,1.0393966143072062
2023-03-29,1.2250220892516288,1.22508620999055,1.2250061217631067,1.225006146896469,1.2250061468964684,1.0543954451488036
2023-03-30,1.2415830806607806,1.2416495429554875,1.2415712228863356,1.241571252288521,1.2415712522885198,1.0605510858339318
2023-03-31,1.2447375471587399,1.2448021810277246,1.244725040038996,1.2447250741740894,1.2447250741740867,1.0753948330663679
2023-04-03,1.2330601915228492,1.2331270256411426,1.2330464766320801,1.2330465112476643,1.2330465112476623,1.0794849438430345
2023-04-04,1.2089243037438377,1.2089940464307518,1.208911777860747,1.2089118097592433,1.2089118097592406,1.0734792599481822
2023-04-05,1.1895962907887476,1.189655840395538,1.189582831293538,1.1895828628608582,1.189582862860857,1.0706648762279016
2023-04-06,1.1840995759047164,1.1841634887798063,1.1840894492440912,1.184089482779322,1.1840894827793282,1.0748333143799507
2023-04-10,1.204303071793286,1.2043735911973301,1.2042932840979268,1.2042933169543415,1.2042933169543502,1.0759359599301475
2023-04-11,1.2021257242139949,1.2021976602346292,1.2021169110746306,1.2021169446794515,1.2021169446794593,1.0762247488519132
2023-04-12,1.1810389482716106,1.1811120147157954,1.1810317303948696,1.1810317648227409,1.1810317648227522,1.0718290327140336
2023-04-13,1.1909712838383664,1.1910450167462079,1.190965126470019,1.1909651611752057,1.1909651611752186,1.0859723134373893
2023-04-14,1.1878251071309045,1.1878965685768026,1.1878182838032902,1.1878183181847908,1.187818318184804,1.0833161962275737
2023-04-17,1.1907957316843139,1.1908672813318835,1.190789408178386,1.1907894412406013,1.1907894412406175,1.0871963952415349
2023-04-18,1.1955036255603915,1.1955774322565795,1.1954973475023007,1.1954973811354985,1.1954973811355163,1.0879052794269284
2023-04-19,1.1756464902259414,1.1757166163634836,1.175639534230814,1.175639567567272,1.1756395675672877,1.0877214836393156
2023-04-20,1.1774130935779281,1.1774799426680302,1.177400081008719,1.1774001145911606,1.1774001145911652,1.0817695156925196
2023-04-21,1.1611093500222311,1.1611708315241576,1.1611004983837898,1.1611005351351946,1.161100535135199,1.0826094808512976
2023-04-24,1.1514091064240595,1.1514715981437302,1.1514019428739548,1.1514019801106508,1.1514019801106519,1.0837384731057063
2023-04-25,1.1141380668158802,1.1141946787751456,1.1141282627367382,1.1141282976108122,1.1141282976108111,1.0663972870875376
2023-04-26,1.1235047172547659,1.1235568371611089,1.1234866910648753,1.1234867172393572,1.1234867172393592,1.0618707845455793
2023-04-27,1.1318638596271664,1.1319084473530916,1.131840740958337,1.131840764671549,1.1318407646715485,1.0828028607121205
2023-04-28,1.1554838690446632,1.1555268144981108,1.1554583292775549,1.155458351058353,1.1554583510583558,1.0920055272444136
2023-05-01,1.1543014974654504,1.154355275372776,1.1542800487127396,1.1542800705954352,1.1542800705954377,1.090902378647265
2023-05-02,1.1516460335952348,1.151695586239061,1.1516218611639537,1.1516218799701543,1.1516218799701587,1.0785721587309318
2023-05-03,1.1462015562842682,1.146254598191571,1.1461765838445996,1.146176603164776,1.1461766031647707,1.0711434083324582
2023-05-04,1.1435520353635147,1.1436218905864737,1.143526882256276,1.1435269072428638,1.1435269072428613,1.0635293360809024
2023-05-05,1.16435098479422,1.1644217354748483,1.1643241559309554,1.1643241838451888,1.1643241838451859,1.0830381479050457
2023-05-08,1.164252888998689,1.1643229866214502,1.1642233349116693,1.1642233621861369,1.1642233621861369,1.0833267158049709
2023-05-09,1.146750747691045,1.1468256166390836,1.1467226871032599,1.1467227167055618,1.146722716705563,1.0785654785518863
2023-05-10,1.1537444783327513,1.153820577765991,1.153717344662173,1.153717372809165,1.153717372809166,1.0835932544964122
2023-05-11,1.1405157587967876,1.140595040047507,1.1404889548465984,1.1404889823660924,1.1404889823660922,1.0817015902121472
2023-05-12,1.142648205520413,1.142727693700371,1.1426217573681854,1.1426217854854623,1.1426217854854612,1.0802834837170652
2023-05-15,1.177525331166718,1.1776048714983665,1.1774949573119593,1.1774949867205917,1.1774949867205882,1.0840041190482523
2023-05-16,1.1689787963056304,1.1690610303598252,1.168946888807483,1.1689469207233967,1.1689469207233947,1.0767358055482872
2023-05-17,1.1991448964485798,1.199231230834973,1.199109772751375,1.1991098078073252,1.1991098078073217,1.08972748472989
2023-05-18,1.2333368432211176,1.2334270886737948,1.2332997977606648,1.233299832968654,1.2332998329686495,1.1001749424927458
2023-05-19,1.2297460022354305,1.2298388610905169,1.2297107094393502,1.229710745878631,1.229710745878629,1.0985727664950518
2023-05-22,1.2364068901413692,1.236502246156492,1.2363728293600842,1.2363728649976253,1.2363728649976264,1.099018958884876
2023-05-23,1.2192966068953577,1.219393000687403,1.2192641669097675,1.2192642042746271,1.2192642042746302,1.0866152491333843
2023-05-24,1.1947875093353404,1.1948837451768197,1.1947543534594287,1.194754394331497,1.1947543943315002,1.0787141301341754
2023-05-25,1.2397672307256682,1.2398751496010527,1.2397254884195328,1.2397255393480295,1.2397255393480318,1.0880154660119692
2023-05-26,1.3237335279469753,1.3238406403262388,1.323684737392308,1.3236847903743616,1.323684790374371,1.1020154219011085
2023-05-30,1.321337840580868,1.3214245820444321,1.321286170095744,1.3212862182653038,1.3212862182653105,1.1024351388928424
2023-05-31,1.2930478175876279,1.2931275645294278,1.2929962175908585,1.2929962609144268,1.2929962609144292,1.0963050105175796
2023-06-01,1.308939777429567,1.3090201483879895,1.3088893820210479,1.3088894251622178,1.3088894251622218,1.1066718377171787
2023-06-02,1.3077459165936702,1.3078263319463839,1.3076955933298853,1.3076956353742235,1.3076956353742266,1.1225610013148015
2023-06-05,1.2782521096606947,1.2783338530143642,1.2782013205023948,1.2782013609244922,1.278201360924496,1.1204076820924895
2023-06-06,1.3013873490118346,1.3014583499616241,1.3013309343219313,1.3013309742219097,1.3013309742219141,1.12284481288623
2023-06-07,1.3168990923990231,1.316967035327437,1.3168452354220654,1.3168452754455093,1.3168452754455136,1.118955484801349
2023-06-08,1.3225853178440583,1.3226509808018365,1.322528777589252,1.3225288177492607,1.322528817749265,1.125703383640617
2023-06-09,1.3204689938645207,1.3205356692723578,1.3204098946568763,1.3204099340244513,1.3204099340244568,1.1277213274641884
2023-06-12,1.3640238527208326,1.3640871174877465,1.3639573638772562,1.3639574034228583,1.3639574034228639,1.1379056425094294
2023-06-13,1.3896308450021158,1.3896875319294926,1.3895638174128064,1.3895638578394522,1.389563857839457,1.145383165798881
2023-06-14,1.3985310009612177,1.3985837113927135,1.3984609230569591,1.3984609625060171,1.398460962506021,1.1467463063861227
2023-06-15,1.39123392051159,1.3912867385604597,1.391165802107366,1.3911658425595457,1.3911658425595483,1.1608759178013122
2023-06-16,1.38877423822708,1.3888166076834338,1.388701366324961,1.3887014064086278,1.3887014064086298,1.1569150832538313
2023-06-20,1.3700554166045125,1.3700998132299316,1.36998345605295,1.3699834952617453,1.369983495261748,1.1508971546352942
2023-06-21,1.337469711918745,1.3375129047193186,1.3374001043713597,1.3374001427422944,1.3374001427422972,1.1449850577820546
2023-06-22,1.3482115772952938,1.3482554375446099,1.3481409258898607,1.348140965005454,1.348140965005457,1.1491107108878538
2023-06-23,1.323560157445781,1.323599970219004,1.3234872839252576,1.3234873211259337,1.3234873211259364,1.1403902730374436
2023-06-26,1.3364428078089874,1.3364758191797443,1.336366562172995,1.3363666001312946,1.3363666001312966,1.1357215480725216
2023-06-27,1.385975237898128,1.3860154734258443,1.3859010363905235,1.3859010766443705,1.385901076644373,1.1481050460858535
2023-06-28,1.3684994802440733,1.368543698319904,1.3684297638061629,1.3684298035712237,1.3684298035712261,1.1486839403081324
2023-06-29,1.36947764179982,1.3695267403161777,1.3694159315256986,1.3694159727972088,1.369415972797212,1.1532025032552806
2023-06-30,1.3886462477717525,1.3886980220893452,1.3885893222964667,1.3885893647356138,1.3885893647356173,1.1667314123360344
2023-07-03,1.4024925656033111,1.4025388192694492,1.402430259644128,1.4024303010510675,1.4024303010510717,1.1680730318383685
2023-07-05,1.3680329491513066,1.3680818392362686,1.3679746468439626,1.3679746876326724,1.3679746876326768,1.1663345862422616
2023-07-06,1.3516530398914903,1.3517071632827486,1.3515949417280335,1.3515949829383782,1.3515949829383826,1.157165617028516
2023-07-07,1.3486038765149126,1.3486513117789118,1.3485432607362802,1.3485432998445395,1.348543299844544,1.1542400803784467
2023-07-10,1.3758562247178083,1.375915024954887,1.3758002009948553,1.3758002469303228,1.3758002469303274,1.1571582207106816
2023-07-11,1.3787618230662975,1.378814953020092,1.3786993913525014,1.3786994359249936,1.3786994359249978,1.1645039911704484
2023-07-12,1.4002848901556941,1.400338528267081,1.4002263766815497,1.4002264210584514,1.4002264210584556,1.173836054968037
2023-07-13,1.4269757222046973,1.4270224297007013,1.4269090084148157,1.4269090506076338,1.4269090506076392,1.1831157834455517
2023-07-14,1.4123942414785944,1.4124451416600963,1.4123263556632066,1.4123263974107878,1.4123263974107931,1.1823787925468583
2023-07-17,1.4387373055675534,1.4387829414292,1.4386636450465875,1.4386636876167667,1.4386636876167715,1.1864771556243854
2023-07-18,1.4416156100755846,1.4416628222810761,1.4415418255359127,1.4415418693737727,1.441541869373778,1.1952607579189458
2023-07-19,1.4280468094216534,1.4280927460994894,1.4279779839622337,1.4279780286330086,1.4279780286330135,1.197915879512635
2023-07-20,1.3771048919609339,1.3771582773180868,1.3770451925001308,1.3770452421412533,1.377045242141258,1.1899416550329587
2023-07-21,1.3986952116449687,1.3987542272058662,1.3986416538283175,1.3986417092897496,1.3986417092897543,1.1899416550329587
2023-07-24,1.397272501787979,1.397332757503559,1.397216754075976,1.397216808266101,1.3972168082661056,1.1952458299164461
2023-07-25,1.419293332105319,1.4193509822691501,1.4192323228968162,1.4192323762075778,1.419232376207583,1.1985043758046534
2023-07-26,1.4001188105187574,1.4001422286433536,1.4000314029638834,1.400031445709709,1.400031445709712,1.1986886421093446
2023-07-27,1.4235890879332906,1.4235869861952184,1.4234926417662521,1.4234926838079367,1.4234926838079391,1.1907148883052903
2023-07-28,1.4540877917949333,1.4540646333490364,1.4539848409446086,1.4539848808973825,1.4539848808973836,1.2023157191013245
2023-07-31,1.4533551928377184,1.4533399043286346,1.4532615584415045,1.453261601164285,1.4532616011642872,1.2046027935563655
2023-08-01,1.450781578153447,1.4507613121328102,1.4506843364034665,1.4506843752461696,1.4506843752461718,1.2011505888489231
2023-08-02,1.3966247991702605,1.3966038291893759,1.396533406956844,1.3965334473904845,1.3965334473904865,1.1843243785784792
2023-08-03,1.3927118949040291,1.3927120272023383,1.3926173805785533,1.3926174183927058,1.3926174183927071,1.1809254182243427
2023-08-04,1.3923039819385659,1.3922862873703894,1.392197712183143,1.392197745585898,1.3921977455858991,1.175572189811132
2023-08-07,1.405865399445628,1.4058616797531234,1.4057586736389296,1.4057587069660946,1.405758706966096,1.1857888031403048
2023-08-08,1.3797787401854056,1.3797696399890693,1.3796765813793173,1.3796766153968911,1.379676615396892,1.1806208561876326
2023-08-09,1.365621494196465,1.3656190116652396,1.3655255577447198,1.3655255943903355,1.3655255943903366,1.1727017553317642
2023-08-10,1.363400417200014,1.363398388344783,1.363305557143216,1.363305594862221,1.3633055948622217,1.1731224647077814
2023-08-11,1.332158821883193,1.3321512247776557,1.3320696743654394,1.3320697144194256,1.3320697144194251,1.1724383969788117
2023-08-14,1.361478646365205,1.3614733347863182,1.3613890528713073,1.3613890927292545,1.3613890927292538,1.1788923051568598
2023-08-15,1.3362375426773785,1.336234292176841,1.3361527796474195,1.3361528176203863,1.3361528176203865,1.1650789106519368
2023-08-16,1.3128982947876418,1.3128977993216857,1.312817185375673,1.3128172242568408,1.3128172242568414,1.156497937721448
2023-08-17,1.3053194400814356,1.3053275550587848,1.3052421402269674,1.3052421804525782,1.3052421804525798,1.1476518376774743
2023-08-18,1.316392410852594,1.3164128618862962,1.316316869399847,1.3163169099649925,1.3163169099649943,1.1482041599895227
2023-08-21,1.3402861395853471,1.3403089634746939,1.3402086059906757,1.340208644044359,1.3402086440443615,1.1556504621335053
2023-08-22,1.3318412421478734,1.33186811473269,1.3317649151377902,1.3317649551143542,1.3317649551143564,1.1525160044276652
2023-08-23,1.3568304247765883,1.3568492194502375,1.3567489133035289,1.3567489528084036,1.3567489528084056,1.1652814419527582
2023-08-24,1.3076562955151092,1.3076780137675799,1.3075825377036865,1.3075825786298212,1.3075825786298227,1.1490187562154066
2023-08-25,1.3153232727881197,1.3153477479291915,1.3152530679065542,1.315253111031118,1.3152531110311187,1.157090642409155
2023-08-28,1.3303710803797468,1.3303947323350596,1.3302967937027086,1.3302968369766976,1.3302968369766983,1.1644050464303335
2023-08-29,1.3571241079564342,1.3571488084934145,1.3570462041305962,1.3570462460510795,1.35704624605108,1.1811157667666308
2023-08-30,1.3616738885373012,1.3616987282742004,1.3615907394301001,1.361590779816504,1.3615907798165041,1.1859705673440295
2023-08-31,1.3626033565112285,1.362620796820387,1.3625181481509614,1.3625181873935601,1.3625181873935592,1.1842336790049728
2023-09-01,1.376889746493182,1.3768997862462018,1.3768026578877954,1.3768026965615259,1.3768026965615237,1.1864406086926906
2023-09-05,1.3778647019725736,1.3778756200709685,1.3777761576876175,1.3777761963393402,1.3777761963393378,1.1813018852936663
2023-09-06,1.3663044826780917,1.3663192049254378,1.3662161225733218,1.3662161607557017,1.3662161607557004,1.1733336608887401
2023-09-07,1.3269398268486816,1.326935586236078,1.326854737801494,1.3268547747293349,1.3268547747293358,1.169725739543149
2023-09-08,1.3200952901265137,1.3200962102920382,1.3200119677794588,1.3200120053771318,1.320012005377133,1.17148631446319
2023-09-11,1.327543380051959,1.3275449999689295,1.3274618544943781,1.3274618932622955,1.3274618932622968,1.1791653497176406
2023-09-12,1.3189872153539879,1.3189857251392143,1.3189031835354017,1.3189032211892313,1.3189032211892329,1.1726791811991517
2023-09-13,1.325507530396801,1.325506698056527,1.3254233069458443,1.3254233448804338,1.3254233448804347,1.1740456895516418
2023-09-14,1.3353023712514327,1.3352983803881568,1.33522042803957,1.3352204666575436,1.3352204666575442,1.1841252367690507
2023-09-15,1.2978555391227904,1.2978514742110014,1.2977776583268175,1.2977776974920514,1.2977776974920523,1.1697720570721721
2023-09-18,1.3020366334608575,1.3020320252987154,1.3019573043841397,1.3019573431630242,1.3019573431630251,1.1704576625263068
2023-09-19,1.2934695514450938,1.2934668817105124,1.2933943816687856,1.293394421173141,1.2933944211731407,1.1680280176479676
2023-09-20,1.275701971962532,1.2757075023580857,1.2756305716423417,1.275630611592557,1.2756306115925558,1.157240217414063
2023-09-21,1.2581157496326445,1.2581266319941204,1.2580462739853784,1.258046314388638,1.2580463143886373,1.1379530884751539
2023-09-22,1.2644555171805765,1.264463219968078,1.2643849777649552,1.2643850172605853,1.264385017260584,1.1353914840700068
2023-09-25,1.2722931203780776,1.2722990286722364,1.2722215563164672,1.2722215960629548,1.2722215960629533,1.1401559447591365
2023-09-26,1.2507074914096257,1.2507137929778191,1.2506367895832957,1.2506368286460388,1.2506368286460372,1.1232814198713545
2023-09-27,1.2592272957128636,1.2592225580391696,1.259153843336474,1.2591538813716712,1.2591538813716698,1.1237296964722627
2023-09-28,1.2820982671310015,1.2820932410350312,1.2820218366068767,1.2820218740111464,1.282021874011144,1.1302256512387803
2023-09-29,1.2868308891439668,1.2868261506735357,1.2867514475543675,1.2867514842540253,1.2867514842540237,1.1274792379329799
2023-10-02,1.2885897028234625,1.2885809492330065,1.2885112790825994,1.2885113161510304,1.2885113161510287,1.1270308741277208
2023-10-03,1.2623961546108995,1.2623940199294563,1.2623205800193473,1.2623206172398056,1.2623206172398052,1.1118424712711459
2023-10-04,1.282259286255621,1.2822549212005343,1.2821797530290588,1.282179788511886,1.282179788511886,1.1199093290657967
2023-10-05,1.2732282693555652,1.2732252940126993,1.273146370153607,1.2731464023618113,1.273146402361811,1.1194875297983737
2023-10-06,1.3000264011242118,1.300017719334606,1.2999411976572748,1.2999412275976479,1.2999412275976485,1.1327006035077662
2023-10-09,1.2943546678117852,1.294344139956202,1.294271049431124,1.2942710798020785,1.2942710798020791,1.1399292800365144
2023-10-10,1.309971183199119,1.3099556809063784,1.3098850757144984,1.309885104868229,1.3098851048682298,1.1458470789761463
2023-10-11,1.3147436818838623,1.3147296223771863,1.3146550508807773,1.3146550786331086,1.3146550786331088,1.1505312425911816
2023-10-12,1.3135527899920436,1.3135380876069538,1.3134602771844348,1.313460303146472,1.3134603031464722,1.1434956232631506
2023-10-13,1.2791166680696533,1.279107238308475,1.2790287496343757,1.279028777875234,1.2790287778752338,1.1377856936664863
2023-10-16,1.2949041994774586,1.294890293637676,1.2948144029907467,1.294814430907113,1.2948144309071128,1.14969423140367
2023-10-17,1.2951873292017098,1.2951759698523266,1.295098392873201,1.2950984220031312,1.2950984220031312,1.1496415668674247
2023-10-18,1.2697401368010544,1.2697358748654626,1.2696546143179297,1.2696546431891478,1.269654643189147,1.1342194173862055
2023-10-19,1.2652352784210015,1.265210985767208,1.2651480676916642,1.2651480957311887,1.2651480957311887,1.1242097898182564
2023-10-20,1.245119751938806,1.2451010819980228,1.245032289646784,1.245032316272593,1.245032316272593,1.1103098072412851
2023-10-23,1.2380998768245781,1.238082880296066,1.2380119778745131,1.2380120045636906,1.2380120045636915,1.1083836830286673
2023-10-24,1.252416198191139,1.2523947631965675,1.2523268430127812,1.2523268686624776,1.2523268686624782,1.1167091230232973
2023-10-25,1.2002902467692127,1.200277309996835,1.200204000662934,1.2002040276830028,1.2002040276830035,1.1005656751031625
2023-10-26,1.20075116890657,1.2007359861597278,1.2006701844932466,1.2006702160980312,1.200670216098032,1.0873073116073229
2023-10-27,1.2047534074602246,1.2047325847008254,1.2046690093895325,1.2046690399135092,1.2046690399135067,1.0823675297618138
2023-10-30,1.198058308934532,1.1980363117169033,1.197973943095378,1.1979739731985253,1.1979739731985228,1.0952313734799208
2023-10-31,1.2113722973995609,1.2113485300892233,1.2112868276112432,1.2112868584270977,1.2112868584270948,1.102088181342267
2023-11-01,1.2336597587292673,1.2336342520233228,1.2335691461579392,1.2335691746533497,1.2335691746533466,1.1137794160674521
2023-11-02,1.2700915948217746,1.2700573561215174,1.2699973519611498,1.2699973826267816,1.2699973826267787,1.1349223129082118
2023-11-03,1.298925689204346,1.2988909422425001,1.2988268649376287,1.2988268991494654,1.2988268991494616,1.1452296536698536
2023-11-06,1.292192509346411,1.292152669478045,1.2920917701805226,1.292091800862931,1.2920918008629279,1.1478613437825087
2023-11-07,1.290769442341121,1.290736541577023,1.290668723615588,1.2906687565090866,1.2906687565090835,1.1511233676893926
2023-11-08,1.2887605706078105,1.2887275989283637,1.2886605028920688,1.2886605359235046,1.288660535923503,1.1519663208903375
2023-11-09,1.2789895556510988,1.278954940661083,1.278888590077305,1.2788886242480775,1.2788886242480757,1.142947201841211
2023-11-10,1.32884510317004,1.3288037164103685,1.3287385303196018,1.3287385622648313,1.3287385622648302,1.1606449314739236
2023-11-13,1.3120824404115001,1.3120414584165185,1.311978909701369,1.311978940339087,1.3119789403390862,1.1595381182130051
2023-11-14,1.3605637144136755,1.3605157224248468,1.3604528646945533,1.3604528981384025,1.3604528981384016,1.1818184956645483
2023-11-15,1.3698368147612852,1.3697887871038306,1.3697269514338046,1.3697269855405836,1.3697269855405827,1.1843179165142115
2023-11-16,1.362202491020325,1.3621640130197077,1.362094448905334,1.362094480521074,1.3620944805210717,1.1857654494540297
2023-11-17,1.3734227526678466,1.3733756214021513,1.3733096737119541,1.3733097072514704,1.3733097072514648,1.1872394989310415
2023-11-20,1.3884114819196283,1.388370252974364,1.3882981264330052,1.3882981630360303,1.3882981630360254,1.1963433674457138
2023-11-21,1.3643921123204805,1.3643509921523478,1.3642811197904534,1.364281155526052,1.3642811555260468,1.1937331696627238
2023-11-22,1.3726011640016549,1.3725610090328317,1.3724884468479133,1.3724884809593378,1.3724884809593325,1.1983329930441906
2023-11-24,1.3757878219325552,1.3757498994410264,1.375674131307031,1.3756741697616968,1.3756741697616919,1.1990703434927212
2023-11-27,1.3704530118888225,1.3704182341541562,1.3703399540784997,1.370339993073851,1.3703399930738462,1.1969088436062245
2023-11-28,1.3623152023643021,1.3622771100312316,1.3622031240264612,1.3622031584693601,1.3622031584693544,1.1980933587318878
2023-11-29,1.3771022610674193,1.377062141545249,1.3769861005321,1.3769861366958713,1.3769861366958651,1.1972502009681112
2023-11-30,1.3691658769132424,1.3691276432427932,1.3690523605246023,1.3690523981734353,1.3690523981734297,1.2019552924075254
2023-12-01,1.376640029985831,1.376604692354907,1.3765299911448867,1.3765300250178032,1.3765300250177983,1.2090448093296426
2023-12-04,1.3590533417835118,1.3590210094342843,1.358948007620904,1.3589480469015343,1.3589480469015394,1.2026814422384848
2023-12-05,1.3506281457504652,1.3505915714586723,1.3505211317014891,1.3505211670196762,1.3505211670196742,1.2024444739626141
2023-12-06,1.336769316639912,1.3367336757659474,1.3366650730200662,1.3366651096931912,1.3366651096931967,1.1975890200946822
2023-12-07,1.3671071727136366,1.3670695269668984,1.3669999304358498,1.3669999674602944,1.366999967460299,1.2066923849263909
2023-12-08,1.3767936881509806,1.3767511311579121,1.3766834927441693,1.376683527815401,1.3766835278154037,1.2118689642428313
2023-12-11,1.4439964673674281,1.4439624229323145,1.4438777915993593,1.4438778291900998,1.4438778291900882,1.21657360347368
2023-12-12,1.4664641475989395,1.4664343969406173,1.4663401427277591,1.4663401771582558,1.4663401771582336,1.2221171549611403
2023-12-13,1.4883568004970296,1.488325065551034,1.4882288386784481,1.48822886949739,1.4882288694973607,1.2388552655818257
2023-12-14,1.5226393409725085,1.5226058544355137,1.5225131592486365,1.5225131955089306,1.5225131955089148,1.242824893525401
2023-12-15,1.5380419434472352,1.5380065979143713,1.537913407938527,1.5379134420730594,1.537913442073039,1.2407766110487009
2023-12-18,1.5356820416493002,1.5356484147041332,1.5355471937927248,1.5355472209407877,1.5355472209407501,1.2477367192242708
2023-12-19,1.5385319634313988,1.538497421201486,1.5383984358848803,1.538398463966797,1.5383984639667645,1.2553011351973085
2023-12-20,1.4954148810649337,1.4953805660884891,1.49528546744738,1.4952854963524453,1.4952854963524138,1.237784283981897
2023-12-21,1.529056171592986,1.5290185439975934,1.528924747798436,1.5289247775867298,1.5289247775866968,1.2494655888162574
2023-12-22,1.5305453905423447,1.5305063421156548,1.5304147141428814,1.5304147447391396,1.5304147447391103,1.251974128338762
2023-12-26,1.551070374352147,1.551026562421757,1.5509371247967072,1.5509371555951896,1.5509371555951594,1.2572494980455458
2023-12-27,1.5492050851948476,1.5491596586588452,1.549073108369184,1.5490731398372453,1.5490731398372184,1.2595207090569438
2023-12-28,1.5435608201375408,1.5435149225523714,1.543430644353086,1.5434306750001126,1.5434306750000921,1.259996237720384
2023-12-29,1.5329307542826316,1.5328843761304993,1.5328010218987649,1.5328010525229148,1.5328010525228937,1.2563433311357217
2024-01-02,1.4840021498579685,1.4839568754830208,1.4838775603085723,1.483877586703818,1.483877586703801,1.2492927689387987
2024-01-03,1.4546638354225938,1.4546189681426023,1.4545410695852952,1.4545410946221817,1.4545410946221613,1.2390483238014358
2024-01-04,1.43842704017839,1.4383768983736769,1.438302708823923,1.4383027339076178,1.4383027339076004,1.2350506435020054
2024-01-05,1.4407443303967522,1.4406895780736082,1.4406182208144573,1.4406182461979888,1.4406182461979697,1.236741206307273
2024-01-08,1.485804540590065,1.4857464232508462,1.4856700322019094,1.4856700595623746,1.4856700595623686,1.2542720338997917
2024-01-09,1.486482878296453,1.4864213909877375,1.48634713569852,1.4863471628899574,1.4863471628899474,1.2523675945868125
2024-01-10,1.4860033755764746,1.4859389933577325,1.485865571556556,1.4858655990435294,1.4858655990435234,1.2594305057574857
2024-01-11,1.499645981191712,1.4995805030446203,1.4995055544443396,1.4995055819705219,1.4995055819705199,1.2588754971357143
2024-01-12,1.497828668921842,1.4977615572269813,1.4976871853162175,1.4976872125713039,1.4976872125713023,1.2597469947806201
2024-01-16,1.5110690367311188,1.5109978223730909,1.5109225538325215,1.510922582019106,1.510922582019112,1.255113746840482
2024-01-17,1.4951260497538612,1.495053572430145,1.4949805197648012,1.494980547602427,1.494980547602433,1.248117548420827
2024-01-18,1.5446465443764792,1.5445731324361334,1.544496473134383,1.5444965015495833,1.5444965015495944,1.259167774785387
2024-01-19,1.6064067238049755,1.6063307101147415,1.6062468604405515,1.6062468898725961,1.6062468898726197,1.2747677647657167
2024-01-22,1.6231522479328426,1.6230739347165277,1.6229915166653426,1.62299154626651,1.6229915462665303,1.2774601224522066
2024-01-23,1.632048225310889,1.6319712216165427,1.6318897099843042,1.6318897393280618,1.631889739328071,1.2811804205346529
2024-01-24,1.6564772561051486,1.6563970811276827,1.656309294839847,1.6563093254313788,1.6563093254314123,1.2825801831424695
2024-01-25,1.6471471361701582,1.6470664604073968,1.6469823412830247,1.6469823718964252,1.6469823718964598,1.289537056330899
2024-01-26,1.5892113523645017,1.5891241923566337,1.5890527581453748,1.5890527863348034,1.589052786334811,1.2878978205867866
2024-01-29,1.6062371497860155,1.6061461030474196,1.6060766177940022,1.6060766462864795,1.606076646286481,1.2980569713797823
2024-01-30,1.5944123911982362,1.5943194451447011,1.5942509867540542,1.5942510153347373,1.5942510153347413,1.2970525575368965
2024-01-31,1.5720333912238078,1.5719420628511345,1.5718759267841853,1.571875955109237,1.5718759551092407,1.275713542969035
2024-02-01,1.588014484284906,1.5879222304662035,1.5878523205067152,1.5878523493645873,1.587852349364601,1.2923021119771605
2024-02-02,1.6122965142128196,1.6121971326500408,1.6121259890652497,1.6121260190075082,1.6121260190075304,1.305835679227351
2024-02-05,1.645809558605534,1.6456892957968485,1.6456197245313633,1.6456197627635696,1.6456197627635882,1.3010719804147377
2024-02-06,1.6196793145428854,1.6195641859966434,1.6194941127125924,1.6194941518097543,1.6194941518097754,1.3048439449388896
2024-02-07,1.652169846471591,1.6520382461948582,1.6519706536730419,1.6519706933726577,1.6519706933726768,1.3156817949655029
2024-02-08,1.67158917349495,1.6714636349853287,1.6713937363339022,1.6713937778941141,1.6713937778941343,1.3162627062020804
2024-02-09,1.7121857408250436,1.712049841127084,1.7120048376237589,1.7120048833094461,1.7120048833094634,1.32384810038372
2024-02-12,1.700207647493542,1.7000790077787193,1.7000336763105515,1.7000337232635854,1.700033723263603,1.3232668606155318
2024-02-13,1.6720706391308893,1.671919914426215,1.671889882742729,1.6718899347484615,1.6718899347484735,1.304914710387784
2024-02-14,1.699021538813498,1.6988600166432701,1.6988388565020045,1.698838911665363,1.6988389116653733,1.3167197607160432
2024-02-15,1.6969584297438178,1.6968066067761858,1.6967807061287385,1.6967807586561698,1.6967807586561823,1.3257736112411878
2024-02-16,1.693238009559673,1.6930937741698286,1.6930759183568842,1.6930759683970837,1.693075968397096,1.3191548671265947
2024-02-20,1.6623825081015307,1.6622663995988396,1.66222869613812,1.662228740233294,1.6622287402333105,1.3118722444816033
2024-02-21,1.661233083097594,1.6611429121939003,1.6610926799286698,1.661092719412402,1.6610927194124236,1.3130600604203078
2024-02-22,1.7592751431965374,1.759104693212125,1.7590863819745046,1.7590864366692904,1.7590864366692995,1.3399570489061676
2024-02-23,1.741247332073635,1.7410766546922491,1.7410558351523284,1.7410558896862893,1.7410558896862989,1.3408809053694222
2024-02-26,1.7581832464837035,1.7580054909941472,1.7579902274104269,1.7579902858283585,1.7579902858283667,1.3359608219309145
2024-02-27,1.7459394248627476,1.7457707395337914,1.7457512087385596,1.7457512664469286,1.7457512664469386,1.3384404215670653
2024-02-28,1.733278876155209,1.7331124279914587,1.7330916738446822,1.7330917307720028,1.733091730772013,1.3366703601640983
2024-02-29,1.7586172831088325,1.7584539285989227,1.7584305269431346,1.7584305849829718,1.7584305849829829,1.3414670615739501
2024-03-01,1.8480382060833833,1.8478447853646018,1.847828200016174,1.8478282630665328,1.8478282630665401,1.354002279214733
2024-03-04,1.8574176917834189,1.8572048111924704,1.8571924053214866,1.8571924701933762,1.8571924701933806,1.3525494641741793
2024-03-05,1.8123250726360431,1.8121130541279145,1.812111968051421,1.812112033204326,1.8121120332043283,1.338963929318806
2024-03-06,1.8374211817777129,1.8372055899875401,1.8372006125320675,1.8372006793684417,1.837200679368445,1.345731643722757
2024-03-07,1.8913267283353605,1.8910943938507294,1.8910921934695606,1.8910922623725677,1.8910922623725708,1.359024081299256
2024-03-08,1.8039070436267344,1.803707638676615,1.8037197098377729,1.8037197741835886,1.8037197741835906,1.3508423811115184
2024-03-11,1.7816804300490985,1.7814864437838651,1.7815122049874799,1.78151226739036,1.7815122673903607,1.3496803387465266
2024-03-12,1.8175762917167069,1.8173732035520487,1.8173906630280108,1.8173907289384685,1.8173907289384708,1.3641219137111291
2024-03-13,1.7832125863669173,1.78302293127553,1.7830415708084169,1.7830416350838187,1.7830416350838216,1.3619818092660854
2024-03-14,1.7675814823863145,1.7673975309749361,1.7674070466333758,1.7674071099020616,1.7674071099020652,1.3592868969369656
2024-03-15,1.7422997219686929,1.7421279201806024,1.7421368582435381,1.7421369202918349,1.7421369202918395,1.3499210312380012
2024-03-18,1.7480771964973862,1.7479005023280025,1.7478998545865159,1.7478999178896752,1.7478999178896804,1.3579199952535046
2024-03-19,1.7447987798742017,1.7446159939666663,1.7446136227414897,1.7446136863906727,1.7446136863906776,1.3654452372219223
2024-03-20,1.7861453217660503,1.785954515795735,1.7859531796060004,1.7859532444247916,1.7859532444247963,1.37801650012756
2024-03-21,1.8390571800430457,1.838847617585103,1.8388383433948574,1.8388384103168443,1.8388384103168485,1.38256299250461
2024-03-22,1.8445905504502498,1.844372138211759,1.844355712639798,1.8443557809816433,1.8443557809816489,1.379939233983369
2024-03-25,1.8310971639914777,1.8308733236423935,1.8308510935255422,1.8308511620420755,1.8308511620420818,1.376121551890859
2024-03-26,1.8046571021411328,1.8044379843644893,1.8044200922829705,1.8044201593351097,1.804420159335115,1.3735776076472106
2024-03-27,1.8082505539049127,1.8080431805010029,1.8080403500995919,1.8080404158482484,1.8080404158482521,1.3850726885368712
2024-03-28,1.818597767522232,1.8183942555967505,1.8183969033552576,1.8183969687039143,1.8183969687039179,1.3848078480520702
2024-04-01,1.835635714682216,1.835429219426855,1.8354236581596268,1.8354237242659146,1.835423724265919,1.3823964090108802
2024-04-02,1.80707614634826,1.8068713535597287,1.8068647434641247,1.8068648083526342,1.8068648083526386,1.373579099476227
2024-04-03,1.8224915176321508,1.822280075304275,1.8222743332381246,1.8222743984400147,1.8222743984400185,1.3750872237188396
2024-04-04,1.7660019697155651,1.7657993339761597,1.7658006972830547,1.765800759925516,1.7658007599255188,1.3581995036644419
2024-04-05,1.7913194995187576,1.7911197330938304,1.7911138083042488,1.791113872326679,1.7911138723266813,1.372314825747299
2024-04-08,1.7983191480775185,1.7981159204564905,1.798122438171264,1.7981225021890146,1.7981225021890168,1.3730821949443095
2024-04-09,1.8131363172181494,1.8129240242282054,1.8129660521377398,1.8129661184344912,1.812966118434494,1.3746696789515394
2024-04-10,1.7858252819555305,1.7856171452077043,1.785632939128241,1.7856330029493084,1.7856330029493106,1.3608354751635903
2024-04-11,1.8349399288130974,1.8347301984130338,1.8347246608089498,1.8347247256146406,1.8347247256146424,1.3710669820126173
2024-04-12,1.77645534659406,1.7762612397204167,1.7762456201192405,1.7762456828190583,1.7762456828190598,1.3520102035222745
2024-04-15,1.7501934837596775,1.750011345150662,1.7499958258357318,1.7499958871415928,1.7499958871415944,1.3349652319741216
2024-04-16,1.772190353322862,1.7720217040708557,1.7719856774401084,1.771985738714519,1.7719857387145201,1.3325283329623507
2024-04-17,1.7100017604703661,1.70980997221381,1.7098224843091967,1.7098225460871612,1.7098225460871628,1.3246185829886026
2024-04-18,1.677369959416783,1.677197793820559,1.6771985453381455,1.6771986079895385,1.6771986079895398,1.321889874917083
2024-04-19,1.6101367219780611,1.6099768783425343,1.6099944359764526,1.6099944951660268,1.6099944951660288,1.3103014566316813
2024-04-22,1.6374773813915675,1.637306301215929,1.637329362216629,1.6373294232460642,1.6373294232460662,1.3223129403040157
2024-04-23,1.6785662915412056,1.6783849188433617,1.6784094453663605,1.678409507858884,1.678409507858886,1.3379120918503904
2024-04-24,1.694423604445505,1.6942358808574278,1.6942911214286718,1.694291185324411,1.6942911853244138,1.3372767700668633
2024-04-25,1.7300521671804596,1.7298622094943379,1.729904627399856,1.7299046918205878,1.7299046918205903,1.3321869627215261
2024-04-26,1.792858364741338,1.792679895826394,1.792694822485923,1.7926948880519957,1.7926948880519975,1.3447485525075982
2024-04-29,1.8025162226267,1.8023374569005541,1.8023586833286962,1.8023587493935815,1.8023587493935833,1.3495025657029542
2024-04-30,1.7718510911128054,1.7716346801103076,1.7716953778260505,1.7716954438531187,1.7716954438531212,1.3279536488125012
2024-05-01,1.7089028308071614,1.7086860704527482,1.7087549880043444,1.7087550515910082,1.7087550515910106,1.3236345584523717
2024-05-02,1.736840061876525,1.736625923643483,1.7366902515849258,1.7366903162531804,1.7366903162531824,1.3359575541011803
2024-05-03,1.7784736330044324,1.7782509803075564,1.7783103236690339,1.7783103895146442,1.7783103895146462,1.3524154155216743
2024-05-06,1.8254872147256214,1.8252749927541765,1.8253168844971417,1.8253169507634908,1.825316950763493,1.3663100139956488
2024-05-07,1.812637281986439,1.8124197210267807,1.8124763801838941,1.8124764448410442,1.8124764448410462,1.3678165812904404
2024-05-08,1.823162912211791,1.822930573157461,1.8230025028260257,1.823002568123955,1.823002568123957,1.367949021949179
2024-05-09,1.8058936290888743,1.8056597563231338,1.8057391408128565,1.805739205134785,1.8057392051347867,1.375808113337084
2024-05-10,1.8293197993229477,1.8290603441049393,1.8291661543754205,1.829166218276509,1.8291662182765112,1.3775794814499982
2024-05-13,1.8344481297230355,1.8342017384804108,1.8342908105230107,1.8342908747167408,1.8342908747167426,1.3777643655773268
2024-05-14,1.8712605153215072,1.871005041952632,1.8711007437472054,1.8711008077494553,1.8711008077494575,1.384071166761092
2024-05-15,1.930930314012989,1.9306791865654074,1.930763284166551,1.930763349407465,1.9307633494074676,1.4011049649528853
2024-05-16,1.9115332261027131,1.9112903029574324,1.911368928446751,1.9113689926139976,1.9113689926139998,1.398219368982354
2024-05-17,1.8947281175437587,1.894497029814127,1.8945691416320127,1.8945692022914173,1.8945692022914196,1.4002276876873119
2024-05-20,1.9389570946863453,1.9387310827455257,1.938793691135542,1.9387937542203024,1.9387937542203046,1.401840123730132
2024-05-21,1.9310895899496459,1.9308686978441034,1.9309239055461438,1.9309239684885182,1.9309239684885204,1.4052737461975358
2024-05-22,1.9619421043738163,1.961712581554083,1.9618160104824,1.9618160567553922,1.9618160567553944,1.4012217710064343
2024-05-23,1.9797203290672247,1.9794957590571143,1.97957195234012,1.9795720026057175,1.979572002605721,1.3909492122948608
2024-05-24,2.0088505223648725,2.008634610542838,2.008690694559921,2.0086907480146734,2.008690748014677,1.4001224667697294
2024-05-28,2.047687545171404,2.047480330803281,2.047514791433334,2.0475148486532833,2.047514848653287,1.401100315219054
2024-05-29,2.0207165015923483,2.0205140093128167,2.0205440611877266,2.0205441193003284,2.0205441193003315,1.3912546417835527
2024-05-30,1.9922025626703053,1.9920107573119277,1.9920429170296146,1.9920429698814086,1.992042969881412,1.381994448612803
2024-05-31,1.9758650142738647,1.9756765233126026,1.9757167378995224,1.9757167867269168,1.9757167867269196,1.3945251094536562
2024-06-03,1.9862169494023496,1.9860143213060568,1.9860613208559053,1.9860613708848458,1.9860613708848491,1.3956615480538843
2024-06-04,1.9849866018343276,1.9847908040428095,1.984831700068576,1.984831748505967,1.9848317485059706,1.397220874909655
2024-06-05,2.0706633188196366,2.0704655869229924,2.070492617491617,2.070492669789001,2.0704926697890045,1.4137290169579746
2024-06-06,2.056229212034598,2.056024116396338,2.056064109739443,2.0560641607329515,2.056064160732955,1.4137028809886645
2024-06-07,2.044669069904399,2.04446629847969,2.0445009195395345,2.04450097032391,2.0445009703239134,1.411983123622993
2024-06-10,2.079634082565574,2.079439617267312,2.079463412517947,2.079463465753068,2.0794634657530717,1.4163390884274611
2024-06-11,2.085367885005282,2.0851750014062573,2.0851982206498816,2.0851982745877917,2.0851982745877953,1.4197457640877338
2024-06-12,2.1417959735244336,2.141603518205382,2.1416166971880695,2.1416167538504425,2.141616753850446,1.4313586861901035
2024-06-13,2.1930301667342174,2.1928398574004757,2.192810438741072,2.192810504359465,2.192810504359468,1.4342376670832728
2024-06-14,2.199320194483453,2.19912389394316,2.1990841723259935,2.199084239959897,2.1990842399599,1.435110198188863
2024-06-17,2.240917333271657,2.240731280962977,2.240673435840189,2.2406735097616926,2.2406735097616957,1.4464867842095956
2024-06-18,2.2732813844348665,2.2730785431447016,2.2730334362626157,2.2730335096777976,2.2730335096778016,1.4501572866571326
2024-06-20,2.1913578609382083,2.191159753500385,2.1911233283202267,2.1911233968684374,2.191123396868441,1.4462126439571399
2024-06-21,2.1528434047628138,2.152655973507087,2.1526307090379517,2.1526307730570937,2.1526307730570973,1.4442723625357288
2024-06-24,2.075345923886381,2.0751599985267926,2.0751610016762787,2.075161061487413,2.0751610614874165,1.439569878715297
2024-06-25,2.1262746631119294,2.1260747083987357,2.126078471576946,2.126078530025386,2.1260785300253895,1.4451026411483359
2024-06-26,2.1190110261153707,2.1188087663120574,2.118811806500062,2.1188118645086624,2.118811864508666,1.446905366496014
2024-06-27,2.1000022432705387,2.099810587676187,2.099807262524807,2.099807320425311,2.0998073204253145,1.4491845557906637
2024-06-28,2.1159063664521813,2.1157245249684853,2.115711311161335,2.1157113707516384,2.115711370751642,1.4434708505585319
2024-07-01,2.1216377493411387,2.121460466143983,2.1214326358416336,2.121432698003616,2.1214326980036193,1.4464382462649787
2024-07-02,2.135685984022071,2.135515241395952,2.1354880980956765,2.1354881605559144,2.135488160555918,1.4561399027980941
2024-07-03,2.189335719741451,2.1891545130325176,2.18911837585269,2.1891184412841214,2.1891184412841245,1.4626235224504036
2024-07-05,2.176472278973893,2.1763016296344753,2.1762635612516377,2.1762636263215644,2.1762636263215676,1.47103338413203
2024-07-08,2.2106045135790717,2.2104274147254923,2.210387325686707,2.210387392936161,2.210387392936164,1.4727301402879514
2024-07-09,2.2171732802641198,2.2169711441393605,2.2169528136566488,2.2169528812091603,2.2169528812091635,1.4741614248120727
2024-07-10,2.266119993773723,2.2659298317623615,2.265898069162436,2.2658981361017934,2.2658981361017965,1.4886770810513148
2024-07-11,2.184834639239524,2.1846797532188234,2.184624583085937,2.1846246480818357,2.1846246480818388,1.4757850047313885
2024-07-12,2.2097657663999044,2.209618283022393,2.209557437441357,2.209557501482831,2.209557501482834,1.4850645625669139
2024-07-15,2.2099573317904224,2.2097969644818356,2.209747757739822,2.2097478233568517,2.209747823356855,1.4891427828070352
2024-07-16,2.2193857536723876,2.2192476869782767,2.2191899199715213,2.21918998468819,2.2191899846881933,1.4979477275929531
2024-07-17,2.063292330019137,2.0632287056141267,2.063117126282064,2.0631171841558897,2.063117184155893,1.4767960457044793
2024-07-18,2.096378737360978,2.0963437205897058,2.0961937205823027,2.096193780746778,2.096193780746781,1.4654033203061063
2024-07-19,2.0347335741866446,2.03470107413911,2.0345502370962643,2.034550296336338,2.034550296336341,1.4556397552392488
2024-07-22,2.1202376373751077,2.120191980053296,2.120052823583942,2.120052885555978,2.1200528855559813,1.4705704316561465
2024-07-23,2.0822778921254383,2.082210336532829,2.0820818510117522,2.082081913994707,2.08208191399471,1.4682617508401572
2024-07-24,1.965332936642303,1.9652920735550108,1.9651628014340605,1.9651628582881473,1.9651628582881502,1.4346045710325541
2024-07-25,1.9420829134422612,1.9420575549694803,1.9419184379710277,1.9419184937980252,1.941918493798028,1.4271101210062083
2024-07-26,1.9806011548960638,1.9805821023729442,1.980440915300324,1.9804409722200047,1.9804409722200076,1.443004673061479
2024-07-29,1.9692457513599027,1.9692297967611319,1.969090182332048,1.9690902387998181,1.969090238799821,1.4438523891941646
2024-07-30,1.8970642980737409,1.8970749747282514,1.8969315484527016,1.8969316018525944,1.896931601852597,1.436518598219923
2024-07-31,2.049352225678882,2.0493426521384692,2.049183024957327,2.0491830861876963,2.049183086187699,1.4596810427640423
2024-08-01,1.8973561355394186,1.8973570996151634,1.8972023695585614,1.897202423843565,1.8972024238435674,1.43886265163135
2024-08-02,1.8170155077017882,1.817042286416147,1.816849594423783,1.816849648441241,1.8168496484412433,1.4118209434625915
2024-08-05,1.7759248697039167,1.7759298544317916,1.77577108227203,1.7757711363035735,1.7757711363035757,1.3700927829982101
2024-08-06,1.8115202366559249,1.811528075805028,1.811358618814438,1.8113586740242331,1.8113586740242353,1.382666543704847
2024-08-07,1.7491469640768278,1.7491600637388867,1.7490119046610153,1.7490119650302043,1.7490119650302065,1.37339376130881
2024-08-08,1.8641851341719722,1.864205967669215,1.8640432791875057,1.864043341582843,1.8640433415828452,1.404781519250052
2024-08-09,1.8606889517838747,1.8606876463623017,1.8605372979557329,1.8605373575961126,1.8605373575961148,1.4109626726969213
2024-08-12,1.8824740435248704,1.8824820336268806,1.882315026992645,1.8823150850331378,1.88231508503314,1.4117036191961916
2024-08-13,1.964596178614462,1.9646089329971554,1.9644181755753078,1.9644182299496733,1.9644182299496755,1.434731130884324
2024-08-14,1.9656931499477663,1.965701322425353,1.965504379866575,1.9655044308118057,1.9655044308118084,1.4392503086046644
2024-08-15,2.048689102086304,2.048710182141128,2.0484946112501623,2.0484946608971004,2.048494660897103,1.4637102921293488
2024-08-16,2.043481187073813,2.0434916251756774,2.043271128002284,2.043271176025976,2.0432711760259785,1.4669883428304842
2024-08-19,2.0779385465945097,2.0779367542147544,2.0777110836099504,2.077711130870643,2.0777111308706457,1.4809482536053202
2024-08-20,2.047478087171932,2.047488558616867,2.0472555366959835,2.04725558504474,2.0472555850447427,1.478538290778913
2024-08-21,2.067021720074752,2.0670536138407196,2.06680973346721,2.066809786439948,2.0668097864399506,1.4836102576763321
2024-08-22,2.002139785861131,2.0021734003951166,2.0019312161821152,2.0019312706269448,2.0019312706269474,1.471920424741726
2024-08-23,2.0597323212756558,2.059775438626022,2.0595089465880116,2.0595090010431045,2.059509001043107,1.4874775325975018
2024-08-26,2.0117034936795424,2.011758507914304,2.0114930479266895,2.0114931038732484,2.011493103873251,1.4839273870358782
2024-08-27,2.039953584293322,2.0400357358604446,2.039743757421051,2.0397438180259577,2.0397438180259604,1.4859636737801847
2024-08-28,2.004883853340171,2.004965755713794,2.0046819233131252,2.0046819832095917,2.0046819832095943,1.477312123404856
2024-08-29,1.9788062462589822,1.978884794064938,1.9786343399593995,1.9786344110458565,1.9786344110458591,1.4774442768423
2024-08-30,2.0272687980455304,2.0273504400643896,2.0270891818320522,2.0270892511584275,2.02708925115843,1.4914812131216604
2024-09-03,1.861395660456666,1.8614406830005752,1.861229983422936,1.8612300544608442,1.8612300544608467,1.4604676211442316
2024-09-04,1.867649120237956,1.8677028157982711,1.8674884548126973,1.8674885300906312,1.8674885300906336,1.4574755294142012
2024-09-05,1.8530966795779227,1.85314014383519,1.8529330763232323,1.8529331508461415,1.852933150846144,1.4539261522535383
2024-09-06,1.768712643689512,1.7687645276894577,1.768569344636021,1.7685694146605195,1.768569414660522,1.4292481140708078
2024-09-09,1.8090123588611342,1.8090628373489215,1.8088614139637247,1.8088614855740097,1.8088614855740124,1.4451612188887473
2024-09-10,1.8256501215289256,1.825703851188418,1.8254914125464914,1.8254914857356062,1.8254914857356088,1.451442450507044
2024-09-11,1.9123870324351155,1.9124518914680115,1.9122174793772138,1.9122175563522124,1.912217556352215,1.4662566338255343
2024-09-12,1.9083656479086666,1.9084277775505365,1.9081858996224117,1.908185977204738,1.9081859772047407,1.4785558196559803
2024-09-13,1.9377860673310097,1.9378481808959176,1.9376080898458465,1.9376081686257831,1.937608168625786,1.4862578685396626
2024-09-16,1.9098096615675186,1.9098653037797957,1.9096370857744973,1.909637163307802,1.9096371633078049,1.4884511690434186
2024-09-17,1.9121467782856882,1.912203118898026,1.9119767966305772,1.9119768741023544,1.9119768741023573,1.4890593419916411
2024-09-18,1.8915150399409095,1.8915617525791395,1.8913444020221963,1.8913444785848723,1.8913444785848752,1.4846365625219493
2024-09-19,1.9726116395967561,1.9726710849411229,1.9724416980857553,1.9724417778545844,1.9724417778545873,1.5097570228610475
2024-09-20,1.9427859862017889,1.9428335694261971,1.9426096567211817,1.9426097358709435,1.9426097358709464,1.507144973921465
2024-09-23,1.9481600657654445,1.948199801183544,1.9479834603749835,1.9479835398460792,1.947983539846082,1.5109065089476734
2024-09-24,1.9778936991663905,1.9779303563282202,1.977711330288093,1.977711410433301,1.9777114104333038,1.5152234780797575
2024-09-25,1.9875060240389266,1.987541196997103,1.9873194796137368,1.987319559975575,1.9873195599755782,1.5118779473634536
2024-09-26,2.034566834555043,2.0346016303126233,2.034392297137332,2.03439237918558,2.034392379185583,1.5178602898601474
2024-09-27,2.0033755982928523,2.003413639252025,2.0032022897917545,2.0032023706534776,2.0032023706534807,1.515657255186916
2024-09-30,1.9863956905971498,1.9864417126608922,1.986220255450631,1.986220335796896,1.986220335796899,1.5217187244385668
2024-10-01,1.9278252730162893,1.9278627118805751,1.9276572936390897,1.9276573715224594,1.9276573715224625,1.5080249272503348
2024-10-02,1.9639621771378952,1.964010314957258,1.963794525536358,1.963794604874371,1.9637946048743742,1.5086614672923608
2024-10-03,1.9727454326254683,1.9727945678235963,1.9725697321451034,1.9725698116142392,1.9725698116142425,1.5059007306586116
2024-10-04,1.9989179844514167,1.9989705318613062,1.9987384544652014,1.9987385377046796,1.998738537704683,1.519523470546682
2024-10-07,1.9986167871580778,1.9986692858645057,1.998432884437621,1.9984329654779611,1.9984329654779645,1.5057239315176565
2024-10-08,2.032804803336429,2.032866071428196,2.0326103108342686,2.0326103995874862,2.03261039958749,1.5198975973402473
2024-10-09,2.0618939673308816,2.0619541759955875,2.061698406193708,2.0616984933016167,2.0616984933016202,1.5303885171094667
2024-10-10,2.0559443500274592,2.056016814166337,2.0557482179503173,2.055748310729695,2.0557483107296988,1.527708154093191
2024-10-11,2.0623971982810385,2.0624661460042275,2.0622034418542543,2.062203531824088,2.0622035318240917,1.536829003368643
2024-10-14,2.1021522972652456,2.102218992555621,2.1019617100905306,2.1019618005321847,2.1019618005321887,1.5493466973879282
2024-10-15,1.9727860836872064,1.9728280205354976,1.9725817330504385,1.9725818083159743,1.9725818083159783,1.5372616897133464
2024-10-16,1.9775231006322012,1.977582112022475,1.9773059885554969,1.9773060700697993,1.9773060700698037,1.543928922416797
2024-10-17,1.9911231018617892,1.991168820639911,1.9908970446232526,1.990897126613769,1.9908971266137734,1.5440612655507866
2024-10-18,1.9953057211726064,1.995357388247904,1.9950836633886928,1.9950837461048745,1.995083746104879,1.5499893514338572
2024-10-21,1.9996327605346962,1.99968923627666,1.9994033011085952,1.9994033907765907,1.9994033907765951,1.5474416924110714
2024-10-22,1.9923188885079044,1.9923758597323922,1.9920894952277919,1.9920895851298543,1.9920895851298588,1.5466197065853495
2024-10-23,1.9814533454665422,1.981479121733222,1.9812248699962092,1.9812249301104958,1.9812249301105005,1.5324227045253098
2024-10-24,1.9904368748132075,1.9904645266242857,1.9902081221473222,1.9902081771099975,1.9902081771100022,1.5357332454912063
2024-10-25,2.0080452065827017,2.0080624010844446,2.007815187759981,2.007815237269843,2.0078152372698477,1.5352028042923083
2024-10-28,2.0001275089458446,2.0001461826977565,1.9998983009136064,1.9998983400694812,1.999898340069486,1.5399414406247498
2024-10-29,2.0440267742801947,2.044042924627238,2.0437927556965794,2.043792788471798,2.0437927884718032,1.5424314678935507
2024-10-30,2.0043278373110023,2.00435036173966,2.0040953170566542,2.0040953486496305,2.004095348649636,1.5377583963882562
2024-10-31,1.9327247209455336,1.9327323976558919,1.9325034152748652,1.9325034409196946,1.9325034409196997,1.5073139171444156
2024-11-01,1.953058669733835,1.953062859861616,1.9528352397003612,1.952835267044117,1.952835267044122,1.5136624097530325
2024-11-04,1.9441622991675047,1.9441697870522152,1.9439380580175811,1.9439380853382313,1.9439380853382362,1.5103982325582321
2024-11-05,1.945243825183759,1.945217555281909,1.9450224884883733,1.9450225157852346,1.9450225157852394,1.528552407881543
2024-11-06,1.9927966453033759,1.9927542505099574,1.992563217363209,1.992563245979853,1.992563245979858,1.5660958597877577
2024-11-07,2.036248235180933,2.036187985827558,2.036011808835974,2.0360118378313374,2.0360118378313428,1.5781584615080047
2024-11-08,2.0268498745690544,2.026765834394738,2.026611552934564,2.026611581739985,2.0266115817399903,1.5849797996596062
2024-11-11,1.9754575788860287,1.9753704411055322,1.9752273669410687,1.9752273952774069,1.975227395277412,1.586489415520713
2024-11-12,1.9678245013986935,1.9677628407991143,1.967593566875551,1.9675935954330088,1.967593595433014,1.5815534752077474
2024-11-13,1.923740952554937,1.9236786365427834,1.9235140580548875,1.9235140860489164,1.9235140860489213,1.5823216288223425
2024-11-14,1.9266549293808028,1.9265797105994256,1.926432399863172,1.9264324278983564,1.9264324278983613,1.572114244357378
2024-11-15,1.8590173761485012,1.8589600541708644,1.8587825089355867,1.8587825356423466,1.8587825356423513,1.5518475006695225
2024-11-18,1.8750445813530807,1.8749668569618627,1.8748092656931716,1.874809292520477,1.8748092925204818,1.5581928653089456
2024-11-19,1.8882118133352477,1.8881847688095528,1.8879696437730649,1.8879696709846245,1.8879696709846294,1.5638785844794438
2024-11-20,1.882876006446961,1.882867408025052,1.8826394046621402,1.88263943181244,1.8826394318124449,1.564408281562052
2024-11-21,1.9095610347517213,1.9095625833132877,1.9093283541261485,1.9093283815915474,1.9093283815915523,1.5727841750454792
2024-11-22,1.9018516351469597,1.901855924386627,1.9016216219425763,1.9016216490512228,1.9016216490512277,1.5776513577227183
2024-11-25,1.9108240282080318,1.9108484987170218,1.9105966333956808,1.9105966606170397,1.9105966606170446,1.582993913279588
2024-11-26,1.890819711150333,1.8908289356776284,1.8905929566525872,1.8905929836780413,1.8905929836780462,1.591237827662247
2024-11-27,1.8686835451961492,1.8686989817082769,1.8684612985593028,1.8684613253790017,1.8684613253790066,1.5864087651184302
2024-11-29,1.8960451049463345,1.8960547019506446,1.895820182839378,1.8958202100604098,1.8958202100604147,1.5962333319162234
2024-12-02,1.9435190393269255,1.9435348399130006,1.9432962406430323,1.9432962679877799,1.943296267987785,1.599092128903039
2024-12-03,1.9444218668437412,1.9444575973744578,1.9441976551298823,1.9441976822179778,1.944197682217983,1.5998334804025618
2024-12-04,1.9517232088401135,1.9517519087412025,1.9514922032961113,1.9514922329420155,1.9514922329420206,1.6097369832239086
2024-12-05,1.9315052558076249,1.9315481191642698,1.9312676496178867,1.9312676808691225,1.9312676808691276,1.607085759318716
2024-12-06,1.9472452204146289,1.947317036159485,1.947002884246551,1.9470029203629762,1.9470029203629813,1.6101292613903553
2024-12-09,1.9414362233765898,1.941527622346716,1.941190063597116,1.94119009879085,1.941190098790855,1.6018162507183944
2024-12-10,1.8918067828430076,1.8918863871956069,1.8915761829439526,1.8915762175900546,1.8915762175900597,1.5968283043490172
2024-12-11,1.9308385042623517,1.9309471480833873,1.9305828560075005,1.9305828918802714,1.9305828918802768,1.609125362754524
2024-12-12,1.9162899346297992,1.9163761542424178,1.9160523894759902,1.9160524264631476,1.9160524264631529,1.600812572004044
2024-12-13,1.9716750213626502,1.971762974116165,1.9714153685463567,1.97141542416175,1.9714154241617556,1.6004947478690272
2024-12-16,1.993297867993658,1.9934158599199392,1.9930217181345693,1.993021781229188,1.9930217812291937,1.6073143750688712
2024-12-17,1.9698334645470112,1.9699432300759991,1.9695619771935047,1.9695620347253715,1.9695620347253773,1.6006783306089714
2024-12-18,1.9070083168067749,1.9071007687661157,1.9067434999194854,1.906743552674308,1.9067435526743135,1.5522473010086324
2024-12-19,1.8984431365442187,1.8985051138412268,1.898199306866938,1.8981993591170683,1.8981993591170738,1.5517704428048351
2024-12-20,1.9321963330408354,1.932261349841417,1.9319518454209672,1.9319518971022067,1.9319518971022125,1.5702978446311002
2024-12-23,1.9912014897248347,1.9912738778245105,1.9909439288192776,1.9909439829799251,1.9909439829799311,1.5796731675746167
2024-12-24,2.010353049675741,2.010421812597311,2.01009534826307,2.0100954049958113,2.010095404995817,1.5971343413845447
2024-12-26,2.0092046432994755,2.009283651941953,2.008942549662965,2.008942606882495,2.008942606882501,1.5972409647319197
2024-12-27,1.9897303315906516,1.9898017390157101,1.9894735570851552,1.9894736150286765,1.9894736150286823,1.5803383182182311
2024-12-30,1.9593894320146206,1.9594623348416482,1.9591333569735467,1.9591334128469562,1.9591334128469617,
